{"cameraMode":{"drawMode":0,"name":"Shaded","section":"Shading Mode"},"sceneLighting":true,"audioPlay":false,"sceneViewState":{"showFog":true,"showMaterialUpdate":false,"showSkybox":true,"showFlares":true,"showImageEffects":true,"showParticleSystems":true},"in2DMode":false,"pivot":{"x":66.58601379394531,"y":-30.74679946899414,"z":-65.42231750488281},"rotation":{"x":0.06716534495353699,"y":0.9056743383407593,"z":-0.1566888839006424,"w":0.3882455825805664},"size":120.26414489746094,"orthographic":false}